experiment_id,timestamp,description,trades,wr_pct,pf,pnl,avg_r,max_dd,config_json
baseline_20r,2026-07-16T17:02:13.371250+00:00,20-bar Donchian + fixed 2R (current D4),15445,44.0,0.987,-2630.11,-0.0038,0.0000,"{""lookback"": 20, ""exit"": ""FIXED_2R""}"
baseline_10r,2026-07-16T17:02:21.800097+00:00,10-bar Donchian + fixed 2R,19918,43.8,1.001,-503.41,0.0002,0.0000,"{""lookback"": 10, ""exit"": ""FIXED_2R""}"
10bar_ch_5.0x,2026-07-16T17:02:30.943643+00:00,10-bar + Chandelier 5.0x,18639,44.1,0.973,-2678.15,-0.0074,0.0000,"{""lookback"": 10, ""exit"": ""CHANDELIER"", ""mult"": 5.0}"
10bar_ch_5.5x,2026-07-16T17:02:39.967699+00:00,10-bar + Chandelier 5.5x,18393,44.1,0.975,-2440.40,-0.0070,0.0000,"{""lookback"": 10, ""exit"": ""CHANDELIER"", ""mult"": 5.5}"
10bar_ch_6.0x,2026-07-16T17:02:48.899157+00:00,10-bar + Chandelier 6.0x,18229,44.4,0.987,-2050.42,-0.0034,0.0000,"{""lookback"": 10, ""exit"": ""CHANDELIER"", ""mult"": 6.0}"
10bar_ch_6.5x,2026-07-16T17:02:57.949738+00:00,10-bar + Chandelier 6.5x,17329,44.1,0.971,-3349.15,-0.0082,0.0000,"{""lookback"": 10, ""exit"": ""CHANDELIER"", ""mult"": 6.5}"
10bar_volscale_fixed2r,2026-07-16T17:03:55.411252+00:00,10-bar + vol scaling + fixed 2R,16637,42.9,1.058,-584.12,0.0192,0.0000,"{""lookback"": 10, ""exit"": ""FIXED_2R"", ""vol_scale"": true}"
10bar_volscale_ch6x,2026-07-16T17:04:47.426676+00:00,10-bar + vol scaling + Chandelier 6.0x,14371,44.1,1.037,-2510.13,0.0119,0.0000,"{""lookback"": 10, ""exit"": ""CHANDELIER"", ""mult"": 6.0, ""vol_scale"": true}"
baseline_20r,2026-07-16T17:06:45.157742+00:00,20-bar Donchian + fixed 2R (current D4),15445,44.0,0.987,-2630.11,-0.0038,0.0000,"{""lookback"": 20, ""exit"": ""FIXED_2R""}"
baseline_10r,2026-07-16T17:06:53.581482+00:00,10-bar Donchian + fixed 2R,19918,43.8,1.001,-503.41,0.0002,0.0000,"{""lookback"": 10, ""exit"": ""FIXED_2R""}"
10bar_ch_5.0x,2026-07-16T17:07:02.823703+00:00,10-bar + Chandelier 5.0x,18639,44.1,0.973,-2678.15,-0.0074,0.0000,"{""lookback"": 10, ""exit"": ""CHANDELIER"", ""mult"": 5.0}"
10bar_ch_5.5x,2026-07-16T17:07:12.142194+00:00,10-bar + Chandelier 5.5x,18393,44.1,0.975,-2440.40,-0.0070,0.0000,"{""lookback"": 10, ""exit"": ""CHANDELIER"", ""mult"": 5.5}"
10bar_ch_6.0x,2026-07-16T17:07:21.318988+00:00,10-bar + Chandelier 6.0x,18229,44.4,0.987,-2050.42,-0.0034,0.0000,"{""lookback"": 10, ""exit"": ""CHANDELIER"", ""mult"": 6.0}"
10bar_ch_6.5x,2026-07-16T17:07:30.812641+00:00,10-bar + Chandelier 6.5x,17329,44.1,0.971,-3349.15,-0.0082,0.0000,"{""lookback"": 10, ""exit"": ""CHANDELIER"", ""mult"": 6.5}"
10bar_volscale_fixed2r,2026-07-16T17:08:30.983387+00:00,10-bar + vol scaling + fixed 2R,16637,42.9,1.058,-584.12,0.0192,0.0000,"{""lookback"": 10, ""exit"": ""FIXED_2R"", ""vol_scale"": true}"
10bar_volscale_ch6x,2026-07-16T17:09:27.280240+00:00,10-bar + vol scaling + Chandelier 6.0x,14371,44.1,1.037,-2510.13,0.0119,0.0000,"{""lookback"": 10, ""exit"": ""CHANDELIER"", ""mult"": 6.0, ""vol_scale"": true}"
baseline_20r,2026-07-16T17:12:46.457319+00:00,20-bar Donchian + fixed 2R (current D4),15445,44.0,0.987,-2630.11,-0.0038,0.0000,"{""lookback"": 20, ""exit"": ""FIXED_2R""}"
baseline_10r,2026-07-16T17:12:53.355520+00:00,10-bar Donchian + fixed 2R,19918,43.8,1.001,-503.41,0.0002,0.0000,"{""lookback"": 10, ""exit"": ""FIXED_2R""}"
10bar_ch_5.0x,2026-07-16T17:13:00.919104+00:00,10-bar + Chandelier 5.0x,18639,44.1,0.973,-2678.15,-0.0074,0.0000,"{""lookback"": 10, ""exit"": ""CHANDELIER"", ""mult"": 5.0}"
10bar_ch_5.5x,2026-07-16T17:13:08.530852+00:00,10-bar + Chandelier 5.5x,18393,44.1,0.975,-2440.40,-0.0070,0.0000,"{""lookback"": 10, ""exit"": ""CHANDELIER"", ""mult"": 5.5}"
10bar_ch_6.0x,2026-07-16T17:13:15.993325+00:00,10-bar + Chandelier 6.0x,18229,44.4,0.987,-2050.42,-0.0034,0.0000,"{""lookback"": 10, ""exit"": ""CHANDELIER"", ""mult"": 6.0}"
10bar_ch_6.5x,2026-07-16T17:13:23.576961+00:00,10-bar + Chandelier 6.5x,17329,44.1,0.971,-3349.15,-0.0082,0.0000,"{""lookback"": 10, ""exit"": ""CHANDELIER"", ""mult"": 6.5}"
10bar_volscale_fixed2r,2026-07-16T17:14:28.295390+00:00,10-bar + vol scaling + fixed 2R,16637,42.9,1.058,-584.12,0.0192,0.0000,"{""lookback"": 10, ""exit"": ""FIXED_2R"", ""vol_scale"": true}"
10bar_volscale_ch6x,2026-07-16T17:15:24.206167+00:00,10-bar + vol scaling + Chandelier 6.0x,14371,44.1,1.037,-2510.13,0.0119,0.0000,"{""lookback"": 10, ""exit"": ""CHANDELIER"", ""mult"": 6.0, ""vol_scale"": true}"
baseline_20r,2026-07-16T17:16:31.481839+00:00,20-bar Donchian + fixed 2R (current D4),15445,44.0,0.987,-2630.11,-0.0038,0.0000,"{""lookback"": 20, ""exit"": ""FIXED_2R""}"
baseline_10r,2026-07-16T17:16:38.271513+00:00,10-bar Donchian + fixed 2R,19918,43.8,1.001,-503.41,0.0002,0.0000,"{""lookback"": 10, ""exit"": ""FIXED_2R""}"
10bar_ch_5.0x,2026-07-16T17:16:45.694312+00:00,10-bar + Chandelier 5.0x,18639,44.1,0.973,-2678.15,-0.0074,0.0000,"{""lookback"": 10, ""exit"": ""CHANDELIER"", ""mult"": 5.0}"
10bar_ch_5.5x,2026-07-16T17:16:53.154137+00:00,10-bar + Chandelier 5.5x,18393,44.1,0.975,-2440.40,-0.0070,0.0000,"{""lookback"": 10, ""exit"": ""CHANDELIER"", ""mult"": 5.5}"
10bar_ch_6.0x,2026-07-16T17:17:00.649354+00:00,10-bar + Chandelier 6.0x,18229,44.4,0.987,-2050.42,-0.0034,0.0000,"{""lookback"": 10, ""exit"": ""CHANDELIER"", ""mult"": 6.0}"
10bar_ch_6.5x,2026-07-16T17:17:08.310228+00:00,10-bar + Chandelier 6.5x,17329,44.1,0.971,-3349.15,-0.0082,0.0000,"{""lookback"": 10, ""exit"": ""CHANDELIER"", ""mult"": 6.5}"
10bar_volscale_fixed2r,2026-07-16T17:18:10.164842+00:00,10-bar + vol scaling + fixed 2R,16637,42.9,1.058,-584.12,0.0192,0.0000,"{""lookback"": 10, ""exit"": ""FIXED_2R"", ""vol_scale"": true}"
10bar_volscale_ch6x,2026-07-16T17:19:05.425398+00:00,10-bar + vol scaling + Chandelier 6.0x,14371,44.1,1.037,-2510.13,0.0119,0.0000,"{""lookback"": 10, ""exit"": ""CHANDELIER"", ""mult"": 6.0, ""vol_scale"": true}"
10bar_partial_1.5x,2026-07-16T17:19:12.636558+00:00,10-bar + 50%@1R + trail 1.5x,20289,45.6,0.883,-8674.17,-0.0353,0.0000,"{""lookback"": 10, ""exit"": ""PARTIAL_1R"", ""trail_mult"": 1.5}"
10bar_partial_2.0x,2026-07-16T17:19:19.789251+00:00,10-bar + 50%@1R + trail 2.0x,19843,45.4,0.882,-8636.74,-0.0349,0.0000,"{""lookback"": 10, ""exit"": ""PARTIAL_1R"", ""trail_mult"": 2.0}"
10bar_partial_2.5x,2026-07-16T17:19:26.967487+00:00,10-bar + 50%@1R + trail 2.5x,19450,45.4,0.889,-7789.13,-0.0322,0.0000,"{""lookback"": 10, ""exit"": ""PARTIAL_1R"", ""trail_mult"": 2.5}"
10bar_partial_3.0x,2026-07-16T17:19:34.187256+00:00,10-bar + 50%@1R + trail 3.0x,19094,45.4,0.902,-6312.86,-0.0279,0.0000,"{""lookback"": 10, ""exit"": ""PARTIAL_1R"", ""trail_mult"": 3.0}"
baseline_20r,2026-07-16T17:20:26.705813+00:00,20-bar Donchian + fixed 2R (current D4),15445,44.0,0.987,-2630.11,-0.0038,0.0000,"{""lookback"": 20, ""exit"": ""FIXED_2R""}"
baseline_10r,2026-07-16T17:20:33.435584+00:00,10-bar Donchian + fixed 2R,19918,43.8,1.001,-503.41,0.0002,0.0000,"{""lookback"": 10, ""exit"": ""FIXED_2R""}"
10bar_ch_5.0x,2026-07-16T17:20:40.815661+00:00,10-bar + Chandelier 5.0x,18639,44.1,0.973,-2678.15,-0.0074,0.0000,"{""lookback"": 10, ""exit"": ""CHANDELIER"", ""mult"": 5.0}"
10bar_ch_5.5x,2026-07-16T17:20:48.275706+00:00,10-bar + Chandelier 5.5x,18393,44.1,0.975,-2440.40,-0.0070,0.0000,"{""lookback"": 10, ""exit"": ""CHANDELIER"", ""mult"": 5.5}"
10bar_ch_6.0x,2026-07-16T17:20:55.759475+00:00,10-bar + Chandelier 6.0x,18229,44.4,0.987,-2050.42,-0.0034,0.0000,"{""lookback"": 10, ""exit"": ""CHANDELIER"", ""mult"": 6.0}"
10bar_ch_6.5x,2026-07-16T17:21:03.346072+00:00,10-bar + Chandelier 6.5x,17329,44.1,0.971,-3349.15,-0.0082,0.0000,"{""lookback"": 10, ""exit"": ""CHANDELIER"", ""mult"": 6.5}"
10bar_volscale_fixed2r,2026-07-16T17:22:01.496538+00:00,10-bar + vol scaling + fixed 2R,16637,42.9,1.058,-584.12,0.0192,0.0000,"{""lookback"": 10, ""exit"": ""FIXED_2R"", ""vol_scale"": true}"
10bar_volscale_ch6x,2026-07-16T17:22:50.828325+00:00,10-bar + vol scaling + Chandelier 6.0x,14371,44.1,1.037,-2510.13,0.0119,0.0000,"{""lookback"": 10, ""exit"": ""CHANDELIER"", ""mult"": 6.0, ""vol_scale"": true}"
10bar_partial_1.5x,2026-07-16T17:22:57.903826+00:00,10-bar + 50%@1R + trail 1.5x,20289,45.6,0.883,-8674.17,-0.0353,0.0000,"{""lookback"": 10, ""exit"": ""PARTIAL_1R"", ""trail_mult"": 1.5}"
10bar_partial_2.0x,2026-07-16T17:23:05.082415+00:00,10-bar + 50%@1R + trail 2.0x,19843,45.4,0.882,-8636.74,-0.0349,0.0000,"{""lookback"": 10, ""exit"": ""PARTIAL_1R"", ""trail_mult"": 2.0}"
10bar_partial_2.5x,2026-07-16T17:23:12.236090+00:00,10-bar + 50%@1R + trail 2.5x,19450,45.4,0.889,-7789.13,-0.0322,0.0000,"{""lookback"": 10, ""exit"": ""PARTIAL_1R"", ""trail_mult"": 2.5}"
10bar_partial_3.0x,2026-07-16T17:23:19.466581+00:00,10-bar + 50%@1R + trail 3.0x,19094,45.4,0.902,-6312.86,-0.0279,0.0000,"{""lookback"": 10, ""exit"": ""PARTIAL_1R"", ""trail_mult"": 3.0}"
baseline_20r,2026-07-16T17:24:15.328119+00:00,20-bar Donchian + fixed 2R (current D4),15445,44.0,0.987,-2630.11,-0.0038,0.0000,"{""lookback"": 20, ""exit"": ""FIXED_2R""}"
baseline_10r,2026-07-16T17:24:22.017253+00:00,10-bar Donchian + fixed 2R,19918,43.8,1.001,-503.41,0.0002,0.0000,"{""lookback"": 10, ""exit"": ""FIXED_2R""}"
10bar_ch_5.0x,2026-07-16T17:24:29.444563+00:00,10-bar + Chandelier 5.0x,18639,44.1,0.973,-2678.15,-0.0074,0.0000,"{""lookback"": 10, ""exit"": ""CHANDELIER"", ""mult"": 5.0}"
10bar_ch_5.5x,2026-07-16T17:24:36.848513+00:00,10-bar + Chandelier 5.5x,18393,44.1,0.975,-2440.40,-0.0070,0.0000,"{""lookback"": 10, ""exit"": ""CHANDELIER"", ""mult"": 5.5}"
10bar_ch_6.0x,2026-07-16T17:24:44.314197+00:00,10-bar + Chandelier 6.0x,18229,44.4,0.987,-2050.42,-0.0034,0.0000,"{""lookback"": 10, ""exit"": ""CHANDELIER"", ""mult"": 6.0}"
10bar_ch_6.5x,2026-07-16T17:24:51.881178+00:00,10-bar + Chandelier 6.5x,17329,44.1,0.971,-3349.15,-0.0082,0.0000,"{""lookback"": 10, ""exit"": ""CHANDELIER"", ""mult"": 6.5}"
10bar_volscale_fixed2r,2026-07-16T17:25:47.439024+00:00,10-bar + vol scaling + fixed 2R,16637,42.9,1.058,-584.12,0.0192,0.0000,"{""lookback"": 10, ""exit"": ""FIXED_2R"", ""vol_scale"": true}"
10bar_volscale_ch6x,2026-07-16T17:26:37.502631+00:00,10-bar + vol scaling + Chandelier 6.0x,14371,44.1,1.037,-2510.13,0.0119,0.0000,"{""lookback"": 10, ""exit"": ""CHANDELIER"", ""mult"": 6.0, ""vol_scale"": true}"
10bar_partial_1.5x,2026-07-16T17:26:44.651615+00:00,10-bar + 50%@1R + trail 1.5x,20289,45.6,0.883,-8674.17,-0.0353,0.0000,"{""lookback"": 10, ""exit"": ""PARTIAL_1R"", ""trail_mult"": 1.5}"
10bar_partial_2.0x,2026-07-16T17:26:51.818106+00:00,10-bar + 50%@1R + trail 2.0x,19843,45.4,0.882,-8636.74,-0.0349,0.0000,"{""lookback"": 10, ""exit"": ""PARTIAL_1R"", ""trail_mult"": 2.0}"
10bar_partial_2.5x,2026-07-16T17:26:59.064789+00:00,10-bar + 50%@1R + trail 2.5x,19450,45.4,0.889,-7789.13,-0.0322,0.0000,"{""lookback"": 10, ""exit"": ""PARTIAL_1R"", ""trail_mult"": 2.5}"
10bar_partial_3.0x,2026-07-16T17:27:06.318307+00:00,10-bar + 50%@1R + trail 3.0x,19094,45.4,0.902,-6312.86,-0.0279,0.0000,"{""lookback"": 10, ""exit"": ""PARTIAL_1R"", ""trail_mult"": 3.0}"
10bar_adx_ADX_>_20,2026-07-16T17:27:12.170197+00:00,10-bar + ADX > 20 + fixed 2R,7259,36.4,1.129,+28513.22,0.0829,0.0000,"{""lookback"": 10, ""exit"": ""FIXED_2R"", ""filter"": ""ADX > 20""}"
10bar_adx_ADX_>_25,2026-07-16T17:27:17.217220+00:00,10-bar + ADX > 25 + fixed 2R,5591,35.7,1.097,+11480.94,0.0631,0.0000,"{""lookback"": 10, ""exit"": ""FIXED_2R"", ""filter"": ""ADX > 25""}"
10bar_adx_ADX_>_30,2026-07-16T17:27:21.591717+00:00,10-bar + ADX > 30 + fixed 2R,3985,34.9,1.058,+3803.70,0.0384,0.0000,"{""lookback"": 10, ""exit"": ""FIXED_2R"", ""filter"": ""ADX > 30""}"
10bar_adx_ADX_20-30,2026-07-16T17:27:26.361887+00:00,10-bar + ADX 20-30 + fixed 2R,5351,34.9,1.057,+5595.63,0.0378,0.0000,"{""lookback"": 10, ""exit"": ""FIXED_2R"", ""filter"": ""ADX 20-30""}"
